X,CH1,CH2,Start,Increment,
Sequence,Volt,Volt,-3.500000e-04,5.000000e-07,
0,-1.250000e-01,-1.250000e-01,
1,-6.250000e-02,-6.250000e-02,
2,-1.250000e-01,-6.250000e-02,
3,-6.250000e-02,-1.250000e-01,
4,-1.250000e-01,-6.250000e-02,
5,-6.250000e-02,-1.250000e-01,
6,-1.250000e-01,-6.250000e-02,
7,-6.250000e-02,-1.250000e-01,
8,-1.250000e-01,-6.250000e-02,
9,-6.250000e-02,-1.250000e-01,
10,-1.250000e-01,-6.250000e-02,
11,-6.250000e-02,-1.250000e-01,
12,-6.250000e-02,-6.250000e-02,
13,-1.250000e-01,-1.250000e-01,
14,-1.250000e-01,-6.250000e-02,
15,-6.250000e-02,-1.250000e-01,
16,-1.250000e-01,-6.250000e-02,
17,-6.250000e-02,-1.250000e-01,
18,-1.250000e-01,-6.250000e-02,
19,-6.250000e-02,-1.250000e-01,
20,-1.250000e-01,-1.250000e-01,
21,-6.250000e-02,0.000000e+00,
22,-1.250000e-01,-6.250000e-02,
23,-6.250000e-02,-1.250000e-01,
24,-1.250000e-01,-1.250000e-01,
25,-6.250000e-02,-6.250000e-02,
26,-1.250000e-01,-6.250000e-02,
27,3.218750e+00,-1.250000e-01,
28,3.093750e+00,-6.250000e-02,
29,3.062500e+00,-1.250000e-01,
30,3.031250e+00,-6.250000e-02,
31,3.093750e+00,-1.250000e-01,
32,3.093750e+00,-1.250000e-01,
33,3.031250e+00,0.000000e+00,
34,3.031250e+00,-6.250000e-02,
35,3.093750e+00,-1.250000e-01,
36,3.062500e+00,-6.250000e-02,
37,3.093750e+00,-1.250000e-01,
38,3.062500e+00,-6.250000e-02,
39,3.093750e+00,-1.250000e-01,
40,3.062500e+00,-1.250000e-01,
41,3.093750e+00,0.000000e+00,
42,3.031250e+00,-6.250000e-02,
43,3.093750e+00,-1.250000e-01,
44,3.062500e+00,-1.250000e-01,
45,3.093750e+00,0.000000e+00,
46,3.031250e+00,-6.250000e-02,
47,3.093750e+00,-1.250000e-01,
48,3.093750e+00,-6.250000e-02,
49,3.031250e+00,-1.250000e-01,
50,3.031250e+00,-6.250000e-02,
51,3.093750e+00,-1.250000e-01,
52,3.093750e+00,-6.250000e-02,
53,3.031250e+00,-1.250000e-01,
54,3.031250e+00,-6.250000e-02,
55,3.093750e+00,-1.250000e-01,
56,3.093750e+00,-1.250000e-01,
57,3.031250e+00,0.000000e+00,
58,3.031250e+00,-6.250000e-02,
59,3.093750e+00,-1.875000e-01,
60,3.125000e+00,-1.250000e-01,
61,3.031250e+00,3.750000e+00,
62,3.125000e+00,3.250000e+00,
63,3.000000e+00,-8.125000e-01,
64,3.093750e+00,-1.250000e-01,
65,3.031250e+00,0.000000e+00,
66,3.031250e+00,-6.250000e-02,
67,3.093750e+00,-1.250000e-01,
68,3.093750e+00,-1.250000e-01,
69,3.031250e+00,-6.250000e-02,
70,3.093750e+00,-6.250000e-02,
71,3.031250e+00,-1.250000e-01,
72,3.093750e+00,-6.250000e-02,
73,3.031250e+00,-1.250000e-01,
74,3.031250e+00,-6.250000e-02,
75,3.093750e+00,-1.250000e-01,
76,3.093750e+00,-6.250000e-02,
77,3.031250e+00,-1.250000e-01,
78,3.093750e+00,-6.250000e-02,
79,3.031250e+00,-1.250000e-01,
80,3.062500e+00,-1.250000e-01,
81,3.093750e+00,-6.250000e-02,
82,3.031250e+00,-6.250000e-02,
83,3.093750e+00,-1.250000e-01,
84,3.093750e+00,-6.250000e-02,
85,3.031250e+00,-1.250000e-01,
86,3.093750e+00,-6.250000e-02,
87,3.031250e+00,-1.250000e-01,
88,3.062500e+00,-6.250000e-02,
89,3.125000e+00,-1.250000e-01,
90,3.093750e+00,-6.250000e-02,
91,-2.500000e-01,-1.250000e-01,
92,-1.250000e-01,-6.250000e-02,
93,-6.250000e-02,-1.250000e-01,
94,-1.250000e-01,-6.250000e-02,
95,-6.250000e-02,-1.250000e-01,
96,-6.250000e-02,-6.250000e-02,
97,-1.250000e-01,-1.250000e-01,
98,-1.250000e-01,-6.250000e-02,
99,-6.250000e-02,-1.250000e-01,
100,-6.250000e-02,-6.250000e-02,
101,-1.250000e-01,-1.250000e-01,
102,-1.250000e-01,-6.250000e-02,
103,-6.250000e-02,-1.250000e-01,
104,-6.250000e-02,-6.250000e-02,
105,-1.250000e-01,-1.250000e-01,
106,-1.250000e-01,-6.250000e-02,
107,-6.250000e-02,-1.250000e-01,
108,-6.250000e-02,-1.250000e-01,
109,-1.250000e-01,-6.250000e-02,
110,-1.250000e-01,-6.250000e-02,
111,-6.250000e-02,-1.250000e-01,
112,-6.250000e-02,-6.250000e-02,
113,-1.250000e-01,-1.250000e-01,
114,-1.250000e-01,-6.250000e-02,
115,-6.250000e-02,-1.250000e-01,
116,-1.250000e-01,-6.250000e-02,
117,-6.250000e-02,-1.250000e-01,
118,-1.250000e-01,-6.250000e-02,
119,-6.250000e-02,-1.250000e-01,
120,-6.250000e-02,-6.250000e-02,
121,-1.250000e-01,-1.250000e-01,
122,-1.250000e-01,-6.250000e-02,
123,-6.250000e-02,-1.250000e-01,
124,-6.250000e-02,-6.250000e-02,
125,-1.250000e-01,-1.250000e-01,
126,-6.250000e-02,-6.250000e-02,
127,-1.250000e-01,-1.250000e-01,
128,-1.250000e-01,-6.250000e-02,
129,-6.250000e-02,-1.250000e-01,
130,-1.250000e-01,-6.250000e-02,
131,-6.250000e-02,-1.250000e-01,
132,-1.250000e-01,-1.250000e-01,
133,-6.250000e-02,0.000000e+00,
134,-1.250000e-01,-6.250000e-02,
135,-6.250000e-02,-1.250000e-01,
136,-1.250000e-01,-1.250000e-01,
137,-6.250000e-02,0.000000e+00,
138,-1.250000e-01,-6.250000e-02,
139,-6.250000e-02,-1.250000e-01,
140,-1.250000e-01,-1.250000e-01,
141,-6.250000e-02,0.000000e+00,
142,-9.375000e-02,-6.250000e-02,
143,-1.250000e-01,-1.250000e-01,
144,-1.250000e-01,-1.250000e-01,
145,-6.250000e-02,0.000000e+00,
146,-1.250000e-01,-6.250000e-02,
147,-6.250000e-02,-1.875000e-01,
148,-1.250000e-01,-1.250000e-01,
149,-6.250000e-02,0.000000e+00,
150,-9.375000e-02,-6.250000e-02,
151,-1.250000e-01,-1.250000e-01,
152,-1.250000e-01,-1.250000e-01,
153,-6.250000e-02,0.000000e+00,
154,-1.250000e-01,-6.250000e-02,
155,3.218750e+00,-1.875000e-01,
156,3.093750e+00,-1.250000e-01,
157,3.062500e+00,0.000000e+00,
158,3.031250e+00,-6.250000e-02,
159,3.093750e+00,-1.875000e-01,
160,3.093750e+00,-1.250000e-01,
161,3.031250e+00,0.000000e+00,
162,3.031250e+00,-6.250000e-02,
163,3.093750e+00,-1.250000e-01,
164,3.062500e+00,-1.250000e-01,
165,3.093750e+00,0.000000e+00,
166,3.031250e+00,-6.250000e-02,
167,3.093750e+00,-1.875000e-01,
168,3.031250e+00,-6.250000e-02,
169,3.093750e+00,-1.250000e-01,
170,3.031250e+00,-6.250000e-02,
171,3.093750e+00,-1.250000e-01,
172,3.031250e+00,-6.250000e-02,
173,3.093750e+00,-1.250000e-01,
174,3.031250e+00,-1.250000e-01,
175,3.093750e+00,-6.250000e-02,
176,3.093750e+00,-1.250000e-01,
177,3.031250e+00,0.000000e+00,
178,3.031250e+00,-6.250000e-02,
179,3.093750e+00,-1.875000e-01,
180,3.062500e+00,-1.250000e-01,
181,3.093750e+00,0.000000e+00,
182,3.093750e+00,-6.250000e-02,
183,3.031250e+00,-1.875000e-01,
184,3.093750e+00,-1.250000e-01,
185,3.031250e+00,0.000000e+00,
186,3.031250e+00,-6.250000e-02,
187,3.093750e+00,-1.250000e-01,
188,3.093750e+00,-1.250000e-01,
189,3.031250e+00,0.000000e+00,
190,3.093750e+00,-6.250000e-02,
191,3.031250e+00,-1.250000e-01,
192,3.093750e+00,-1.250000e-01,
193,3.031250e+00,0.000000e+00,
194,3.031250e+00,-6.250000e-02,
195,3.093750e+00,-1.250000e-01,
196,3.031250e+00,-6.250000e-02,
197,3.093750e+00,-1.250000e-01,
198,3.031250e+00,-6.250000e-02,
199,3.093750e+00,-1.250000e-01,
200,3.093750e+00,-6.250000e-02,
201,3.031250e+00,-1.250000e-01,
202,3.031250e+00,-6.250000e-02,
203,3.093750e+00,-1.250000e-01,
204,3.093750e+00,-6.250000e-02,
205,3.031250e+00,-1.250000e-01,
206,3.093750e+00,-6.250000e-02,
207,3.031250e+00,-1.250000e-01,
208,3.093750e+00,-6.250000e-02,
209,3.031250e+00,-1.250000e-01,
210,3.093750e+00,-6.250000e-02,
211,3.031250e+00,-1.250000e-01,
212,3.062500e+00,-6.250000e-02,
213,3.125000e+00,-1.250000e-01,
214,3.031250e+00,-6.250000e-02,
215,3.093750e+00,-1.250000e-01,
216,3.093750e+00,-1.250000e-01,
217,3.031250e+00,-6.250000e-02,
218,3.093750e+00,-6.250000e-02,
219,-2.500000e-01,-1.250000e-01,
220,-1.250000e-01,-1.250000e-01,
221,-6.250000e-02,0.000000e+00,
222,-1.250000e-01,-6.250000e-02,
223,-6.250000e-02,-1.250000e-01,
224,-1.250000e-01,-6.250000e-02,
225,-6.250000e-02,-1.250000e-01,
226,-1.250000e-01,-6.250000e-02,
227,-6.250000e-02,-1.250000e-01,
228,-6.250000e-02,-6.250000e-02,
229,-1.250000e-01,-1.250000e-01,
230,-1.250000e-01,-6.250000e-02,
231,-6.250000e-02,-1.250000e-01,
232,-6.250000e-02,-6.250000e-02,
233,-1.250000e-01,-1.250000e-01,
234,-1.250000e-01,-1.250000e-01,
235,-6.250000e-02,-6.250000e-02,
236,-9.375000e-02,-6.250000e-02,
237,-6.250000e-02,-1.250000e-01,
238,-1.250000e-01,-6.250000e-02,
239,-6.250000e-02,-1.250000e-01,
240,-6.250000e-02,-6.250000e-02,
241,-1.250000e-01,-1.250000e-01,
242,-1.250000e-01,-6.250000e-02,
243,-6.250000e-02,-1.875000e-01,
244,-6.250000e-02,-6.250000e-02,
245,-1.250000e-01,-1.250000e-01,
246,-1.250000e-01,-6.250000e-02,
247,-6.250000e-02,-1.875000e-01,
248,-3.125000e-02,-6.250000e-02,
249,-1.250000e-01,-1.250000e-01,
250,-1.250000e-01,-6.250000e-02,
251,-6.250000e-02,-1.250000e-01,
252,-6.250000e-02,-6.250000e-02,
253,-1.250000e-01,-1.250000e-01,
254,-1.250000e-01,-6.250000e-02,
255,-6.250000e-02,-1.250000e-01,
256,-6.250000e-02,-6.250000e-02,
257,-1.250000e-01,-1.250000e-01,
258,-1.250000e-01,-6.250000e-02,
259,-6.250000e-02,-1.250000e-01,
260,-6.250000e-02,-6.250000e-02,
261,-1.250000e-01,-1.250000e-01,
262,-1.250000e-01,0.000000e+00,
263,-6.250000e-02,-1.250000e-01,
264,-1.250000e-01,-6.250000e-02,
265,-6.250000e-02,-1.250000e-01,
266,-1.250000e-01,-6.250000e-02,
267,-6.250000e-02,-1.250000e-01,
268,-1.250000e-01,-6.250000e-02,
269,-6.250000e-02,-1.250000e-01,
270,-1.250000e-01,-6.250000e-02,
271,-6.250000e-02,-1.250000e-01,
272,-1.250000e-01,-6.250000e-02,
273,-6.250000e-02,-1.250000e-01,
274,-1.250000e-01,-6.250000e-02,
275,-6.250000e-02,-1.250000e-01,
276,-1.250000e-01,-6.250000e-02,
277,-6.250000e-02,-1.250000e-01,
278,-1.250000e-01,-6.250000e-02,
279,-6.250000e-02,-1.250000e-01,
280,-1.250000e-01,-1.250000e-01,
281,-3.125000e-02,-6.250000e-02,
282,-1.250000e-01,-6.250000e-02,
283,3.250000e+00,-1.250000e-01,
284,3.125000e+00,-1.250000e-01,
285,3.031250e+00,0.000000e+00,
286,3.093750e+00,-6.250000e-02,
287,3.031250e+00,-1.250000e-01,
288,3.125000e+00,-6.250000e-02,
289,3.031250e+00,-1.250000e-01,
290,3.031250e+00,-6.250000e-02,
291,3.093750e+00,-1.250000e-01,
292,3.093750e+00,-6.250000e-02,
293,3.031250e+00,-1.250000e-01,
294,3.031250e+00,-6.250000e-02,
295,3.093750e+00,-1.250000e-01,
296,3.031250e+00,-6.250000e-02,
297,3.093750e+00,-1.250000e-01,
298,3.031250e+00,-6.250000e-02,
299,3.093750e+00,-1.250000e-01,
300,3.093750e+00,-6.250000e-02,
301,3.031250e+00,-1.250000e-01,
302,3.031250e+00,-6.250000e-02,
303,3.093750e+00,-1.250000e-01,
304,3.093750e+00,-1.250000e-01,
305,3.031250e+00,0.000000e+00,
306,3.031250e+00,-6.250000e-02,
307,3.093750e+00,-1.250000e-01,
308,3.062500e+00,-6.250000e-02,
309,3.093750e+00,-1.250000e-01,
310,3.031250e+00,-6.250000e-02,
311,3.093750e+00,-1.250000e-01,
312,3.093750e+00,-6.250000e-02,
313,3.031250e+00,-1.250000e-01,
314,3.062500e+00,-6.250000e-02,
315,3.093750e+00,-1.250000e-01,
316,3.093750e+00,-1.250000e-01,
317,3.031250e+00,-6.250000e-02,
318,3.031250e+00,-6.250000e-02,
319,3.093750e+00,-1.250000e-01,
320,3.093750e+00,-6.250000e-02,
321,3.031250e+00,-1.250000e-01,
322,3.093750e+00,-6.250000e-02,
323,3.031250e+00,-1.250000e-01,
324,3.093750e+00,-1.250000e-01,
325,3.031250e+00,-6.250000e-02,
326,3.062500e+00,-6.250000e-02,
327,3.093750e+00,-1.250000e-01,
328,3.093750e+00,-6.250000e-02,
329,3.031250e+00,-1.250000e-01,
330,3.031250e+00,-6.250000e-02,
331,3.093750e+00,-1.250000e-01,
332,3.093750e+00,-6.250000e-02,
333,3.031250e+00,-1.250000e-01,
334,3.031250e+00,-6.250000e-02,
335,3.093750e+00,-1.250000e-01,
336,3.093750e+00,-6.250000e-02,
337,3.031250e+00,-1.250000e-01,
338,3.062500e+00,-6.250000e-02,
339,3.093750e+00,-1.250000e-01,
340,3.093750e+00,-6.250000e-02,
341,3.031250e+00,-1.250000e-01,
342,3.031250e+00,-6.250000e-02,
343,3.093750e+00,-1.250000e-01,
344,3.093750e+00,-6.250000e-02,
345,3.031250e+00,-1.250000e-01,
346,3.093750e+00,-6.250000e-02,
347,-2.500000e-01,-1.250000e-01,
348,-1.250000e-01,-1.250000e-01,
349,-6.250000e-02,-6.250000e-02,
350,-1.250000e-01,-6.250000e-02,
351,-6.250000e-02,-1.250000e-01,
352,-6.250000e-02,-6.250000e-02,
353,-1.250000e-01,-1.250000e-01,
354,-1.250000e-01,-6.250000e-02,
355,-6.250000e-02,-1.250000e-01,
356,-6.250000e-02,-6.250000e-02,
357,-1.250000e-01,-1.250000e-01,
358,-1.250000e-01,-6.250000e-02,
359,-6.250000e-02,-1.250000e-01,
360,-6.250000e-02,-1.250000e-01,
361,-1.250000e-01,0.000000e+00,
362,-1.250000e-01,-6.250000e-02,
363,-6.250000e-02,-1.250000e-01,
364,-6.250000e-02,-6.250000e-02,
365,-1.250000e-01,-1.250000e-01,
366,-1.250000e-01,-6.250000e-02,
367,-6.250000e-02,-1.250000e-01,
368,-6.250000e-02,-6.250000e-02,
369,-1.250000e-01,-1.250000e-01,
370,-9.375000e-02,-6.250000e-02,
371,-6.250000e-02,-1.250000e-01,
372,-6.250000e-02,-6.250000e-02,
373,-1.250000e-01,-1.250000e-01,
374,-1.250000e-01,-6.250000e-02,
375,-6.250000e-02,-1.250000e-01,
376,-6.250000e-02,-1.250000e-01,
377,-1.250000e-01,0.000000e+00,
378,-1.250000e-01,-6.250000e-02,
379,-6.250000e-02,-1.250000e-01,
380,-6.250000e-02,-1.250000e-01,
381,-1.250000e-01,-6.250000e-02,
382,-1.250000e-01,-6.250000e-02,
383,-6.250000e-02,-1.250000e-01,
384,-6.250000e-02,-1.250000e-01,
385,-1.250000e-01,-6.250000e-02,
386,-1.250000e-01,-6.250000e-02,
387,-6.250000e-02,-1.250000e-01,
388,-6.250000e-02,-1.250000e-01,
389,-1.250000e-01,-6.250000e-02,
390,-1.250000e-01,-6.250000e-02,
391,-6.250000e-02,-1.250000e-01,
392,-1.250000e-01,-1.250000e-01,
393,-6.250000e-02,-6.250000e-02,
394,-1.250000e-01,-6.250000e-02,
395,-6.250000e-02,-1.250000e-01,
396,-1.250000e-01,-1.250000e-01,
397,-6.250000e-02,-6.250000e-02,
398,-1.250000e-01,-6.250000e-02,
399,-6.250000e-02,-1.250000e-01,
400,-1.250000e-01,-6.250000e-02,
401,-6.250000e-02,-1.250000e-01,
402,-1.250000e-01,-6.250000e-02,
403,-6.250000e-02,-1.250000e-01,
404,-1.250000e-01,-6.250000e-02,
405,-6.250000e-02,-1.250000e-01,
406,-1.250000e-01,-6.250000e-02,
407,-6.250000e-02,-1.250000e-01,
408,-1.250000e-01,-6.250000e-02,
409,-6.250000e-02,-1.250000e-01,
410,-1.250000e-01,-6.250000e-02,
411,3.218750e+00,-1.250000e-01,
412,3.093750e+00,-6.250000e-02,
413,3.031250e+00,-1.250000e-01,
414,3.031250e+00,-6.250000e-02,
415,3.093750e+00,-1.250000e-01,
416,3.093750e+00,-6.250000e-02,
417,3.031250e+00,-1.250000e-01,
418,3.031250e+00,-6.250000e-02,
419,3.093750e+00,-1.250000e-01,
420,3.093750e+00,-6.250000e-02,
421,3.031250e+00,-1.250000e-01,
422,3.031250e+00,-6.250000e-02,
423,3.093750e+00,-1.250000e-01,
424,3.031250e+00,-6.250000e-02,
425,3.093750e+00,-1.250000e-01,
426,3.031250e+00,-6.250000e-02,
427,3.093750e+00,-1.250000e-01,
428,3.093750e+00,-6.250000e-02,
429,3.031250e+00,-1.250000e-01,
430,3.031250e+00,-6.250000e-02,
431,3.093750e+00,-1.250000e-01,
432,3.093750e+00,-6.250000e-02,
433,3.031250e+00,-1.250000e-01,
434,3.031250e+00,-6.250000e-02,
435,3.093750e+00,-1.250000e-01,
436,3.093750e+00,-6.250000e-02,
437,3.031250e+00,-1.250000e-01,
438,3.031250e+00,-6.250000e-02,
439,3.093750e+00,-1.250000e-01,
440,3.093750e+00,-6.250000e-02,
441,3.031250e+00,-1.250000e-01,
442,3.093750e+00,-6.250000e-02,
443,3.031250e+00,-1.250000e-01,
444,3.093750e+00,-1.250000e-01,
445,3.031250e+00,-6.250000e-02,
446,3.031250e+00,-6.250000e-02,
447,3.125000e+00,-1.250000e-01,
448,3.093750e+00,-6.250000e-02,
449,3.031250e+00,-1.250000e-01,
450,3.031250e+00,-6.250000e-02,
451,3.093750e+00,-1.250000e-01,
452,3.093750e+00,-1.250000e-01,
453,3.062500e+00,0.000000e+00,
454,3.031250e+00,-6.250000e-02,
455,3.093750e+00,-1.250000e-01,
456,3.093750e+00,-6.250000e-02,
457,3.031250e+00,-1.250000e-01,
458,3.031250e+00,-6.250000e-02,
459,3.093750e+00,-1.250000e-01,
460,3.093750e+00,-6.250000e-02,
461,3.031250e+00,-1.250000e-01,
462,3.031250e+00,-6.250000e-02,
463,3.093750e+00,-1.250000e-01,
464,3.062500e+00,-1.250000e-01,
465,3.093750e+00,-6.250000e-02,
466,3.031250e+00,-6.250000e-02,
467,3.093750e+00,-1.250000e-01,
468,3.093750e+00,-1.250000e-01,
469,3.062500e+00,0.000000e+00,
470,3.062500e+00,-6.250000e-02,
471,3.093750e+00,-1.250000e-01,
472,3.093750e+00,-1.250000e-01,
473,3.031250e+00,0.000000e+00,
474,3.093750e+00,-6.250000e-02,
475,-2.500000e-01,-1.250000e-01,
476,-1.250000e-01,-1.250000e-01,
477,-6.250000e-02,-6.250000e-02,
478,-1.250000e-01,-6.250000e-02,
479,-6.250000e-02,-1.250000e-01,
480,-6.250000e-02,-1.250000e-01,
481,-1.250000e-01,0.000000e+00,
482,-1.250000e-01,-6.250000e-02,
483,-6.250000e-02,-1.250000e-01,
484,-9.375000e-02,-1.250000e-01,
485,-6.250000e-02,0.000000e+00,
486,-1.250000e-01,-6.250000e-02,
487,-6.250000e-02,-1.875000e-01,
488,-9.375000e-02,-6.250000e-02,
489,-6.250000e-02,-1.250000e-01,
490,-1.250000e-01,-6.250000e-02,
491,-6.250000e-02,-1.250000e-01,
492,-9.375000e-02,-6.250000e-02,
493,-6.250000e-02,-1.250000e-01,
494,-1.250000e-01,-6.250000e-02,
495,-6.250000e-02,-1.250000e-01,
496,-6.250000e-02,-1.250000e-01,
497,-1.250000e-01,-6.250000e-02,
498,-1.250000e-01,-6.250000e-02,
499,-6.250000e-02,-1.250000e-01,
500,-6.250000e-02,-6.250000e-02,
501,-1.250000e-01,-1.250000e-01,
502,-1.250000e-01,-6.250000e-02,
503,-6.250000e-02,-1.250000e-01,
504,-1.250000e-01,-1.250000e-01,
505,-6.250000e-02,0.000000e+00,
506,-1.562500e-01,-6.250000e-02,
507,-6.250000e-02,-1.250000e-01,
508,-1.250000e-01,-1.250000e-01,
509,-6.250000e-02,0.000000e+00,
510,-1.250000e-01,-1.875000e-01,
511,-6.250000e-02,0.000000e+00,
512,-6.250000e-02,-1.250000e-01,
513,-1.250000e-01,0.000000e+00,
514,-1.562500e-01,-6.250000e-02,
515,-6.250000e-02,-1.875000e-01,
516,-6.250000e-02,-6.250000e-02,
517,-1.250000e-01,-1.875000e-01,
518,-1.250000e-01,-6.250000e-02,
519,-6.250000e-02,-1.875000e-01,
520,-6.250000e-02,-6.250000e-02,
521,-1.562500e-01,-1.250000e-01,
522,-1.562500e-01,-6.250000e-02,
523,-6.250000e-02,-1.250000e-01,
524,-1.250000e-01,-1.250000e-01,
525,-6.250000e-02,0.000000e+00,
526,-1.250000e-01,-6.250000e-02,
527,-6.250000e-02,-1.250000e-01,
528,-1.250000e-01,-1.250000e-01,
529,-6.250000e-02,0.000000e+00,
530,-1.562500e-01,-1.875000e-01,
531,-6.250000e-02,0.000000e+00,
532,-1.250000e-01,-1.250000e-01,
533,-6.250000e-02,0.000000e+00,
534,-1.562500e-01,-6.250000e-02,
535,-6.250000e-02,-1.875000e-01,
536,-1.250000e-01,-6.250000e-02,
537,-6.250000e-02,-1.250000e-01,
538,-1.562500e-01,-6.250000e-02,
539,3.218750e+00,-1.875000e-01,
540,3.125000e+00,-6.250000e-02,
541,3.031250e+00,-1.250000e-01,
542,3.093750e+00,-6.250000e-02,
543,3.031250e+00,-1.875000e-01,
544,3.093750e+00,-1.250000e-01,
545,3.031250e+00,-6.250000e-02,
546,3.031250e+00,-6.250000e-02,
547,3.093750e+00,-1.250000e-01,
548,3.093750e+00,-6.250000e-02,
549,3.031250e+00,-1.250000e-01,
550,3.031250e+00,-6.250000e-02,
551,3.093750e+00,-1.250000e-01,
552,3.031250e+00,-6.250000e-02,
553,3.093750e+00,-1.250000e-01,
554,3.031250e+00,-6.250000e-02,
555,3.093750e+00,-1.250000e-01,
556,3.031250e+00,-1.250000e-01,
557,3.093750e+00,0.000000e+00,
558,3.031250e+00,-1.250000e-01,
559,3.093750e+00,-6.250000e-02,
560,3.093750e+00,-6.250000e-02,
561,3.031250e+00,-1.250000e-01,
562,3.031250e+00,-6.250000e-02,
563,3.093750e+00,-1.250000e-01,
564,3.093750e+00,-6.250000e-02,
565,3.031250e+00,-1.250000e-01,
566,3.031250e+00,-6.250000e-02,
567,3.093750e+00,-1.250000e-01,
568,3.093750e+00,-6.250000e-02,
569,3.031250e+00,-1.250000e-01,
570,3.031250e+00,-6.250000e-02,
571,3.093750e+00,-1.250000e-01,
572,3.125000e+00,-1.250000e-01,
573,3.031250e+00,-6.250000e-02,
574,3.031250e+00,-6.250000e-02,
575,3.093750e+00,-1.250000e-01,
576,3.093750e+00,-1.250000e-01,
577,3.031250e+00,-6.250000e-02,
578,3.093750e+00,-6.250000e-02,
579,3.031250e+00,-1.250000e-01,
580,3.093750e+00,-6.250000e-02,
581,3.031250e+00,-1.250000e-01,
582,3.031250e+00,-6.250000e-02,
583,3.093750e+00,-1.250000e-01,
584,3.093750e+00,-6.250000e-02,
585,3.031250e+00,-1.250000e-01,
586,3.031250e+00,-6.250000e-02,
587,3.093750e+00,-1.250000e-01,
588,3.093750e+00,-6.250000e-02,
589,3.031250e+00,-1.250000e-01,
590,3.031250e+00,-6.250000e-02,
591,3.093750e+00,-1.250000e-01,
592,3.093750e+00,-6.250000e-02,
593,3.031250e+00,-1.250000e-01,
594,3.062500e+00,-6.250000e-02,
595,3.093750e+00,-1.250000e-01,
596,3.062500e+00,-6.250000e-02,
597,3.125000e+00,-1.250000e-01,
598,3.031250e+00,-6.250000e-02,
599,3.093750e+00,-1.250000e-01,
600,3.093750e+00,-6.250000e-02,
601,3.031250e+00,-1.250000e-01,
602,3.125000e+00,-6.250000e-02,
603,-2.500000e-01,-1.875000e-01,
604,-1.250000e-01,-6.250000e-02,
605,-6.250000e-02,-1.250000e-01,
606,-1.250000e-01,-6.250000e-02,
607,-6.250000e-02,-1.875000e-01,
608,-6.250000e-02,-1.250000e-01,
609,-1.250000e-01,-6.250000e-02,
610,-1.250000e-01,-6.250000e-02,
611,-6.250000e-02,-1.875000e-01,
612,-6.250000e-02,-6.250000e-02,
613,-1.250000e-01,-1.250000e-01,
614,-1.250000e-01,-6.250000e-02,
615,-6.250000e-02,-1.875000e-01,
616,-1.250000e-01,-6.250000e-02,
617,-6.250000e-02,-1.250000e-01,
618,-1.250000e-01,-6.250000e-02,
619,-6.250000e-02,-1.250000e-01,
620,-6.250000e-02,-6.250000e-02,
621,-1.250000e-01,-1.250000e-01,
622,-1.250000e-01,-6.250000e-02,
623,-6.250000e-02,-1.250000e-01,
624,-6.250000e-02,-6.250000e-02,
625,-1.250000e-01,-1.250000e-01,
626,-1.250000e-01,-6.250000e-02,
627,-6.250000e-02,-1.250000e-01,
628,-6.250000e-02,-6.250000e-02,
629,-1.250000e-01,-1.250000e-01,
630,-1.250000e-01,-6.250000e-02,
631,-3.125000e-02,-1.250000e-01,
632,-6.250000e-02,-6.250000e-02,
633,-1.250000e-01,-1.250000e-01,
634,-1.250000e-01,-6.250000e-02,
635,-6.250000e-02,-1.250000e-01,
636,-6.250000e-02,-6.250000e-02,
637,-1.250000e-01,-1.250000e-01,
638,-1.250000e-01,-6.250000e-02,
639,-3.125000e-02,-1.250000e-01,
640,-6.250000e-02,-6.250000e-02,
641,-1.250000e-01,-1.250000e-01,
642,-1.250000e-01,-6.250000e-02,
643,-6.250000e-02,-1.250000e-01,
644,-1.250000e-01,-6.250000e-02,
645,-6.250000e-02,-1.250000e-01,
646,-1.250000e-01,-6.250000e-02,
647,-6.250000e-02,-1.250000e-01,
648,-1.250000e-01,-6.250000e-02,
649,-6.250000e-02,-1.250000e-01,
650,-1.250000e-01,-6.250000e-02,
651,-6.250000e-02,-1.250000e-01,
652,-1.250000e-01,-6.250000e-02,
653,-6.250000e-02,-1.250000e-01,
654,-1.250000e-01,-6.250000e-02,
655,-6.250000e-02,-1.250000e-01,
656,-1.250000e-01,-1.250000e-01,
657,-6.250000e-02,-6.250000e-02,
658,-1.250000e-01,-6.250000e-02,
659,-6.250000e-02,-1.250000e-01,
660,-6.250000e-02,-6.250000e-02,
661,-1.562500e-01,-1.250000e-01,
662,-9.375000e-02,-6.250000e-02,
663,-1.250000e-01,-1.250000e-01,
664,-6.250000e-02,-1.250000e-01,
665,-1.562500e-01,-6.250000e-02,
666,-1.250000e-01,-1.875000e-01,
667,3.218750e+00,0.000000e+00,
668,3.093750e+00,-6.250000e-02,
669,3.031250e+00,-1.250000e-01,
670,3.031250e+00,-6.250000e-02,
671,3.093750e+00,-1.875000e-01,
672,3.093750e+00,-1.250000e-01,
673,3.031250e+00,0.000000e+00,
674,3.031250e+00,-6.250000e-02,
675,3.093750e+00,-1.875000e-01,
676,3.093750e+00,-1.250000e-01,
677,3.031250e+00,0.000000e+00,
678,3.031250e+00,-6.250000e-02,
679,3.093750e+00,-1.875000e-01,
680,3.093750e+00,-6.250000e-02,
681,3.031250e+00,-1.250000e-01,
682,3.031250e+00,-1.250000e-01,
683,3.093750e+00,-6.250000e-02,
684,3.031250e+00,-6.250000e-02,
685,3.093750e+00,-1.250000e-01,
686,3.031250e+00,-6.250000e-02,
687,3.125000e+00,-1.250000e-01,
688,3.031250e+00,-6.250000e-02,
689,3.093750e+00,-1.250000e-01,
690,3.031250e+00,-6.250000e-02,
691,3.093750e+00,-1.250000e-01,
692,3.093750e+00,-6.250000e-02,
693,3.031250e+00,-1.250000e-01,
694,3.031250e+00,-6.250000e-02,
695,3.093750e+00,-1.250000e-01,
696,3.093750e+00,-6.250000e-02,
697,3.031250e+00,-1.250000e-01,
698,3.093750e+00,-6.250000e-02,
699,3.031250e+00,-1.250000e-01,
700,3.125000e+00,-1.250000e-01,
701,3.000000e+00,4.000000e+00,
702,3.000000e+00,3.187500e+00,
703,3.156250e+00,-1.062500e+00,
704,3.093750e+00,-6.250000e-02,
705,3.031250e+00,-1.250000e-01,
706,3.031250e+00,-6.250000e-02,
707,3.093750e+00,-1.250000e-01,
708,3.093750e+00,-6.250000e-02,
709,3.031250e+00,-1.250000e-01,
710,3.062500e+00,-6.250000e-02,
711,3.093750e+00,-1.250000e-01,
712,3.093750e+00,-6.250000e-02,
713,3.031250e+00,-1.250000e-01,
714,3.031250e+00,-6.250000e-02,
715,3.093750e+00,-1.250000e-01,
716,3.093750e+00,-6.250000e-02,
717,3.031250e+00,-1.250000e-01,
718,3.031250e+00,-6.250000e-02,
719,3.093750e+00,-1.250000e-01,
720,3.125000e+00,-6.250000e-02,
721,3.031250e+00,-1.250000e-01,
722,3.093750e+00,-6.250000e-02,
723,3.031250e+00,-1.250000e-01,
724,3.093750e+00,-6.250000e-02,
725,3.031250e+00,-1.250000e-01,
726,3.031250e+00,-6.250000e-02,
727,3.093750e+00,-1.250000e-01,
728,3.093750e+00,-6.250000e-02,
729,3.031250e+00,-1.250000e-01,
730,3.093750e+00,-6.250000e-02,
731,-2.500000e-01,-1.250000e-01,
732,-1.250000e-01,-1.250000e-01,
733,-6.250000e-02,0.000000e+00,
734,-1.250000e-01,-6.250000e-02,
735,-6.250000e-02,-1.875000e-01,
736,-6.250000e-02,-1.250000e-01,
737,-1.250000e-01,0.000000e+00,
738,-1.562500e-01,-6.250000e-02,
739,-6.250000e-02,-1.875000e-01,
740,-1.250000e-01,-1.250000e-01,
741,-6.250000e-02,0.000000e+00,
742,-1.250000e-01,-6.250000e-02,
743,-6.250000e-02,-1.875000e-01,
744,-1.250000e-01,-6.250000e-02,
745,-6.250000e-02,-1.250000e-01,
746,-1.250000e-01,-6.250000e-02,
747,-6.250000e-02,-1.875000e-01,
748,-1.250000e-01,-6.250000e-02,
749,-6.250000e-02,-1.250000e-01,
750,-1.250000e-01,-6.250000e-02,
751,-6.250000e-02,-1.875000e-01,
752,-6.250000e-02,-6.250000e-02,
753,-1.250000e-01,-1.250000e-01,
754,-1.250000e-01,-1.250000e-01,
755,-6.250000e-02,0.000000e+00,
756,-1.250000e-01,-6.250000e-02,
757,-6.250000e-02,-1.250000e-01,
758,-1.250000e-01,-6.250000e-02,
759,-6.250000e-02,-1.250000e-01,
760,-1.250000e-01,-6.250000e-02,
761,-6.250000e-02,-1.250000e-01,
762,-1.250000e-01,-6.250000e-02,
763,-6.250000e-02,-1.250000e-01,
764,-6.250000e-02,-1.250000e-01,
765,-1.250000e-01,-6.250000e-02,
766,-1.250000e-01,-6.250000e-02,
767,-6.250000e-02,-1.875000e-01,
768,-1.250000e-01,-6.250000e-02,
769,-6.250000e-02,-1.250000e-01,
770,-1.250000e-01,-6.250000e-02,
771,-6.250000e-02,-1.250000e-01,
772,-1.250000e-01,-1.250000e-01,
773,-3.125000e-02,0.000000e+00,
774,-1.250000e-01,-6.250000e-02,
775,-6.250000e-02,-1.875000e-01,
776,-6.250000e-02,-6.250000e-02,
777,-1.250000e-01,-1.250000e-01,
778,-1.250000e-01,-6.250000e-02,
779,-6.250000e-02,-1.875000e-01,
780,-1.250000e-01,-6.250000e-02,
781,-6.250000e-02,-1.250000e-01,
782,-1.562500e-01,-6.250000e-02,
783,-6.250000e-02,-1.875000e-01,
784,-1.250000e-01,-1.250000e-01,
785,-6.250000e-02,0.000000e+00,
786,-1.562500e-01,-1.875000e-01,
787,-6.250000e-02,0.000000e+00,
788,-1.250000e-01,-1.250000e-01,
789,-6.250000e-02,0.000000e+00,
790,-1.562500e-01,-6.250000e-02,
791,-6.250000e-02,-1.875000e-01,
792,-1.250000e-01,-1.250000e-01,
793,-6.250000e-02,0.000000e+00,
794,-1.562500e-01,-6.250000e-02,
795,3.218750e+00,-1.875000e-01,
796,3.093750e+00,-6.250000e-02,
797,3.031250e+00,-1.250000e-01,
798,3.031250e+00,-6.250000e-02,
799,3.093750e+00,-1.875000e-01,
800,3.093750e+00,-6.250000e-02,
801,3.031250e+00,-1.250000e-01,
802,3.031250e+00,-1.250000e-01,
803,3.093750e+00,-6.250000e-02,
804,3.093750e+00,-6.250000e-02,
805,3.031250e+00,-1.250000e-01,
806,3.031250e+00,-6.250000e-02,
807,3.093750e+00,-1.250000e-01,
808,3.093750e+00,-6.250000e-02,
809,3.031250e+00,-1.250000e-01,
810,3.031250e+00,-6.250000e-02,
811,3.093750e+00,-1.250000e-01,
812,3.093750e+00,-6.250000e-02,
813,3.031250e+00,-1.250000e-01,
814,3.031250e+00,-6.250000e-02,
815,3.093750e+00,-1.250000e-01,
816,3.093750e+00,-6.250000e-02,
817,3.031250e+00,-1.250000e-01,
818,3.031250e+00,-6.250000e-02,
819,3.093750e+00,-1.250000e-01,
820,3.093750e+00,-6.250000e-02,
821,3.031250e+00,-1.250000e-01,
822,3.031250e+00,-6.250000e-02,
823,3.093750e+00,-1.875000e-01,
824,3.093750e+00,-6.250000e-02,
825,3.031250e+00,-1.250000e-01,
826,3.031250e+00,-6.250000e-02,
827,3.093750e+00,-1.250000e-01,
828,3.093750e+00,-1.250000e-01,
829,3.031250e+00,-6.250000e-02,
830,3.031250e+00,-6.250000e-02,
831,3.093750e+00,-1.875000e-01,
832,3.093750e+00,-6.250000e-02,
833,3.031250e+00,-1.250000e-01,
834,3.093750e+00,-6.250000e-02,
835,3.031250e+00,-1.250000e-01,
836,3.093750e+00,-1.250000e-01,
837,3.031250e+00,0.000000e+00,
838,3.031250e+00,-6.250000e-02,
839,3.093750e+00,-1.875000e-01,
840,3.093750e+00,-1.250000e-01,
841,3.031250e+00,-6.250000e-02,
842,3.031250e+00,-6.250000e-02,
843,3.093750e+00,-1.875000e-01,
844,3.093750e+00,-1.250000e-01,
845,3.031250e+00,-6.250000e-02,
846,3.093750e+00,-6.250000e-02,
847,3.031250e+00,-1.250000e-01,
848,3.093750e+00,-6.250000e-02,
849,3.031250e+00,-1.250000e-01,
850,3.031250e+00,-6.250000e-02,
851,3.125000e+00,-1.250000e-01,
852,3.093750e+00,-6.250000e-02,
853,3.031250e+00,-1.250000e-01,
854,3.031250e+00,-6.250000e-02,
855,3.093750e+00,-1.250000e-01,
856,3.093750e+00,-1.250000e-01,
857,3.031250e+00,-6.250000e-02,
858,3.093750e+00,-6.250000e-02,
859,-2.500000e-01,-1.250000e-01,
860,-1.250000e-01,-6.250000e-02,
861,-6.250000e-02,-1.250000e-01,
862,-1.250000e-01,-6.250000e-02,
863,-6.250000e-02,-1.875000e-01,
864,-1.250000e-01,-1.250000e-01,
865,-6.250000e-02,0.000000e+00,
866,-1.250000e-01,-6.250000e-02,
867,-6.250000e-02,-1.875000e-01,
868,-6.250000e-02,-1.250000e-01,
869,-1.250000e-01,0.000000e+00,
870,-1.250000e-01,-6.250000e-02,
871,-6.250000e-02,-1.875000e-01,
872,-3.125000e-02,-1.250000e-01,
873,-1.250000e-01,0.000000e+00,
874,-1.250000e-01,-6.250000e-02,
875,-6.250000e-02,-1.875000e-01,
876,-6.250000e-02,-6.250000e-02,
877,-1.250000e-01,-1.250000e-01,
878,-1.250000e-01,-6.250000e-02,
879,-6.250000e-02,-1.875000e-01,
880,-3.125000e-02,-6.250000e-02,
881,-1.250000e-01,-1.250000e-01,
882,-1.250000e-01,-6.250000e-02,
883,-6.250000e-02,-1.250000e-01,
884,-6.250000e-02,-1.250000e-01,
885,-1.250000e-01,-6.250000e-02,
886,-1.250000e-01,-6.250000e-02,
887,-6.250000e-02,-1.250000e-01,
888,-6.250000e-02,-6.250000e-02,
889,-1.250000e-01,-1.250000e-01,
890,-1.250000e-01,-6.250000e-02,
891,-6.250000e-02,-1.250000e-01,
892,-1.250000e-01,-1.250000e-01,
893,-6.250000e-02,-6.250000e-02,
894,-1.250000e-01,-6.250000e-02,
895,-6.250000e-02,-1.250000e-01,
896,-1.250000e-01,-6.250000e-02,
897,-6.250000e-02,-1.250000e-01,
898,-1.250000e-01,-6.250000e-02,
899,-6.250000e-02,-1.250000e-01,
900,-1.250000e-01,-6.250000e-02,
901,-3.125000e-02,-1.250000e-01,
902,-1.250000e-01,-6.250000e-02,
903,-6.250000e-02,-1.250000e-01,
904,-1.250000e-01,-1.250000e-01,
905,-6.250000e-02,-6.250000e-02,
906,-1.250000e-01,-6.250000e-02,
907,-6.250000e-02,-1.250000e-01,
908,-1.250000e-01,-6.250000e-02,
909,-6.250000e-02,-1.250000e-01,
910,-9.375000e-02,-1.875000e-01,
911,-1.562500e-01,0.000000e+00,
912,-1.250000e-01,-6.250000e-02,
913,-6.250000e-02,-1.250000e-01,
914,-1.250000e-01,-6.250000e-02,
915,-6.250000e-02,-1.250000e-01,
916,-6.250000e-02,-1.250000e-01,
917,-1.562500e-01,-6.250000e-02,
918,-1.250000e-01,-6.250000e-02,
919,-6.250000e-02,-1.250000e-01,
920,-1.250000e-01,-6.250000e-02,
921,-6.250000e-02,-1.250000e-01,
922,-1.250000e-01,-6.250000e-02,
923,3.218750e+00,-1.250000e-01,
924,3.093750e+00,-6.250000e-02,
925,3.031250e+00,-1.250000e-01,
926,3.093750e+00,-6.250000e-02,
927,3.031250e+00,-1.875000e-01,
928,3.031250e+00,-1.250000e-01,
929,3.125000e+00,0.000000e+00,
930,3.093750e+00,-6.250000e-02,
931,3.031250e+00,-1.875000e-01,
932,3.031250e+00,-1.250000e-01,
933,3.125000e+00,0.000000e+00,
934,3.031250e+00,-1.875000e-01,
935,3.093750e+00,0.000000e+00,
936,3.093750e+00,-1.250000e-01,
937,3.031250e+00,0.000000e+00,
938,3.031250e+00,-1.875000e-01,
939,3.093750e+00,0.000000e+00,
940,3.093750e+00,-1.250000e-01,
941,3.031250e+00,0.000000e+00,
942,3.031250e+00,-1.875000e-01,
943,3.093750e+00,0.000000e+00,
944,3.093750e+00,-1.250000e-01,
945,3.031250e+00,0.000000e+00,
946,3.093750e+00,-6.250000e-02,
947,3.000000e+00,-1.875000e-01,
948,3.093750e+00,-1.250000e-01,
949,3.031250e+00,0.000000e+00,
950,3.031250e+00,-6.250000e-02,
951,3.093750e+00,-1.250000e-01,
952,3.093750e+00,-6.250000e-02,
953,3.031250e+00,-1.250000e-01,
954,3.031250e+00,-6.250000e-02,
955,3.093750e+00,-1.875000e-01,
956,3.093750e+00,-6.250000e-02,
957,3.031250e+00,-1.250000e-01,
958,3.031250e+00,-1.875000e-01,
959,3.093750e+00,0.000000e+00,
960,3.093750e+00,-1.250000e-01,
961,3.031250e+00,0.000000e+00,
962,3.093750e+00,-6.250000e-02,
963,3.031250e+00,-1.250000e-01,
964,3.031250e+00,-6.250000e-02,
965,3.093750e+00,-1.250000e-01,
966,3.031250e+00,-6.250000e-02,
967,3.093750e+00,-1.875000e-01,
968,3.093750e+00,-1.250000e-01,
969,3.031250e+00,-6.250000e-02,
970,3.031250e+00,-6.250000e-02,
971,3.093750e+00,-1.250000e-01,
972,3.093750e+00,-6.250000e-02,
973,3.031250e+00,-1.250000e-01,
974,3.093750e+00,-6.250000e-02,
975,3.031250e+00,-1.250000e-01,
976,3.093750e+00,-6.250000e-02,
977,3.031250e+00,-1.250000e-01,
978,3.093750e+00,-6.250000e-02,
979,3.031250e+00,-1.250000e-01,
980,3.093750e+00,-6.250000e-02,
981,3.031250e+00,-1.250000e-01,
982,3.093750e+00,-6.250000e-02,
983,3.062500e+00,-1.250000e-01,
984,3.125000e+00,-6.250000e-02,
985,3.031250e+00,-1.250000e-01,
986,3.093750e+00,-6.250000e-02,
987,-2.500000e-01,-1.250000e-01,
988,-1.250000e-01,-1.250000e-01,
989,-6.250000e-02,-6.250000e-02,
990,-9.375000e-02,-6.250000e-02,
991,-1.250000e-01,-1.250000e-01,
992,-6.250000e-02,-6.250000e-02,
993,-1.250000e-01,-1.250000e-01,
994,-1.250000e-01,-6.250000e-02,
995,-6.250000e-02,-1.250000e-01,
996,-3.125000e-02,-6.250000e-02,
997,-1.250000e-01,-1.250000e-01,
998,-1.250000e-01,-6.250000e-02,
999,-6.250000e-02,-1.250000e-01,
1000,-3.125000e-02,-6.250000e-02,
1001,-1.250000e-01,-1.250000e-01,
1002,-1.250000e-01,-6.250000e-02,
1003,-6.250000e-02,-1.250000e-01,
1004,-6.250000e-02,-1.250000e-01,
1005,-1.250000e-01,-6.250000e-02,
1006,-1.250000e-01,-6.250000e-02,
1007,-6.250000e-02,-1.250000e-01,
1008,-6.250000e-02,-1.250000e-01,
1009,-1.250000e-01,-6.250000e-02,
1010,-1.250000e-01,-6.250000e-02,
1011,-3.125000e-02,-1.250000e-01,
1012,-6.250000e-02,-6.250000e-02,
1013,-1.250000e-01,-1.250000e-01,
1014,-1.250000e-01,-6.250000e-02,
1015,-6.250000e-02,-1.250000e-01,
1016,-6.250000e-02,-6.250000e-02,
1017,-1.250000e-01,-1.250000e-01,
1018,-1.250000e-01,-1.250000e-01,
1019,-6.250000e-02,-6.250000e-02,
1020,-1.250000e-01,-1.250000e-01,
1021,-6.250000e-02,0.000000e+00,
1022,-1.562500e-01,-1.875000e-01,
1023,-6.250000e-02,0.000000e+00,
1024,-1.250000e-01,-6.250000e-02,
1025,-3.125000e-02,-1.250000e-01,
1026,-1.250000e-01,-6.250000e-02,
1027,-6.250000e-02,-1.875000e-01,
1028,-1.250000e-01,-6.250000e-02,
1029,-6.250000e-02,-1.250000e-01,
1030,-1.250000e-01,-6.250000e-02,
1031,-6.250000e-02,-1.250000e-01,
1032,-1.250000e-01,-1.250000e-01,
1033,-6.250000e-02,-6.250000e-02,
1034,-1.250000e-01,-6.250000e-02,
1035,-6.250000e-02,-1.250000e-01,
1036,-1.250000e-01,-1.250000e-01,
1037,-6.250000e-02,-6.250000e-02,
1038,-1.250000e-01,-6.250000e-02,
1039,-6.250000e-02,-1.250000e-01,
1040,-1.250000e-01,-6.250000e-02,
1041,-6.250000e-02,-1.250000e-01,
1042,-1.250000e-01,-1.250000e-01,
1043,-6.250000e-02,0.000000e+00,
1044,-1.250000e-01,-1.250000e-01,
1045,-6.250000e-02,-6.250000e-02,
1046,-9.375000e-02,-6.250000e-02,
1047,-1.562500e-01,-1.250000e-01,
1048,-1.250000e-01,-1.250000e-01,
1049,-6.250000e-02,0.000000e+00,
1050,-1.562500e-01,-6.250000e-02,
1051,3.218750e+00,-1.875000e-01,
1052,3.093750e+00,-1.250000e-01,
1053,3.031250e+00,-6.250000e-02,
1054,3.031250e+00,-6.250000e-02,
1055,3.093750e+00,-1.875000e-01,
1056,3.093750e+00,-1.250000e-01,
1057,3.031250e+00,0.000000e+00,
1058,3.093750e+00,-6.250000e-02,
1059,3.031250e+00,-1.875000e-01,
1060,3.093750e+00,-1.250000e-01,
1061,3.031250e+00,0.000000e+00,
1062,3.031250e+00,-6.250000e-02,
1063,3.093750e+00,-1.250000e-01,
1064,3.093750e+00,-1.250000e-01,
1065,3.031250e+00,0.000000e+00,
1066,3.031250e+00,-6.250000e-02,
1067,3.093750e+00,-1.875000e-01,
1068,3.093750e+00,0.000000e+00,
1069,3.031250e+00,-1.875000e-01,
1070,3.031250e+00,-6.250000e-02,
1071,3.093750e+00,-1.875000e-01,
1072,3.093750e+00,-1.250000e-01,
1073,3.031250e+00,0.000000e+00,
1074,3.031250e+00,-6.250000e-02,
1075,3.093750e+00,-1.875000e-01,
1076,3.031250e+00,-1.250000e-01,
1077,3.093750e+00,0.000000e+00,
1078,3.031250e+00,-1.875000e-01,
1079,3.093750e+00,0.000000e+00,
1080,3.093750e+00,-1.250000e-01,
1081,3.031250e+00,0.000000e+00,
1082,3.031250e+00,-6.250000e-02,
1083,3.093750e+00,-1.875000e-01,
1084,3.093750e+00,-1.250000e-01,
1085,3.031250e+00,0.000000e+00,
1086,3.031250e+00,-6.250000e-02,
1087,3.093750e+00,-1.875000e-01,
1088,3.093750e+00,-1.250000e-01,
1089,3.031250e+00,0.000000e+00,
1090,3.031250e+00,-6.250000e-02,
1091,3.093750e+00,-1.875000e-01,
1092,3.093750e+00,-1.250000e-01,
1093,3.031250e+00,-6.250000e-02,
1094,3.062500e+00,-1.875000e-01,
1095,3.093750e+00,0.000000e+00,
1096,3.093750e+00,-6.250000e-02,
1097,3.031250e+00,-1.250000e-01,
1098,3.031250e+00,-6.250000e-02,
1099,3.093750e+00,-1.875000e-01,
1100,3.093750e+00,-1.250000e-01,
1101,3.031250e+00,-6.250000e-02,
1102,3.031250e+00,-6.250000e-02,
1103,3.093750e+00,-1.875000e-01,
1104,3.093750e+00,-1.250000e-01,
1105,3.031250e+00,0.000000e+00,
1106,3.093750e+00,-6.250000e-02,
1107,3.031250e+00,-1.250000e-01,
1108,3.093750e+00,-1.250000e-01,
1109,3.031250e+00,0.000000e+00,
1110,3.031250e+00,-6.250000e-02,
1111,3.093750e+00,-1.875000e-01,
1112,3.093750e+00,-1.250000e-01,
1113,3.031250e+00,0.000000e+00,
1114,3.093750e+00,-6.250000e-02,
1115,-2.500000e-01,-1.875000e-01,
1116,-1.250000e-01,-1.250000e-01,
1117,-6.250000e-02,-6.250000e-02,
1118,-1.250000e-01,-6.250000e-02,
1119,-6.250000e-02,-1.250000e-01,
1120,-6.250000e-02,-6.250000e-02,
1121,-1.250000e-01,-1.250000e-01,
1122,-1.250000e-01,-6.250000e-02,
1123,-6.250000e-02,-1.250000e-01,
1124,-1.250000e-01,-6.250000e-02,
1125,-3.125000e-02,-1.250000e-01,
1126,-1.250000e-01,-6.250000e-02,
1127,-6.250000e-02,-1.250000e-01,
1128,-3.125000e-02,-6.250000e-02,
1129,-1.250000e-01,-1.250000e-01,
1130,-1.250000e-01,-6.250000e-02,
1131,-6.250000e-02,-1.250000e-01,
1132,-6.250000e-02,-1.250000e-01,
1133,-1.250000e-01,-6.250000e-02,
1134,-1.250000e-01,-6.250000e-02,
1135,-6.250000e-02,-1.250000e-01,
1136,-6.250000e-02,-6.250000e-02,
1137,-1.250000e-01,-1.250000e-01,
1138,-1.250000e-01,-6.250000e-02,
1139,-6.250000e-02,-1.875000e-01,
1140,-1.250000e-01,-6.250000e-02,
1141,-6.250000e-02,-1.250000e-01,
1142,-1.250000e-01,-6.250000e-02,
1143,-6.250000e-02,-1.250000e-01,
1144,-6.250000e-02,-6.250000e-02,
1145,-1.250000e-01,-1.250000e-01,
1146,-1.250000e-01,-6.250000e-02,
1147,-6.250000e-02,-1.250000e-01,
1148,-6.250000e-02,-6.250000e-02,
1149,-1.250000e-01,-1.250000e-01,
1150,-1.250000e-01,-6.250000e-02,
1151,-6.250000e-02,-1.875000e-01,
1152,-1.250000e-01,-6.250000e-02,
1153,-6.250000e-02,-1.250000e-01,
1154,-1.250000e-01,-6.250000e-02,
1155,-6.250000e-02,-1.250000e-01,
1156,-1.250000e-01,-1.250000e-01,
1157,-6.250000e-02,-6.250000e-02,
1158,-1.250000e-01,-6.250000e-02,
1159,-6.250000e-02,-1.875000e-01,
1160,-1.250000e-01,-6.250000e-02,
1161,-6.250000e-02,-1.250000e-01,
1162,-1.562500e-01,-6.250000e-02,
1163,-6.250000e-02,-1.250000e-01,
1164,-1.250000e-01,-1.250000e-01,
1165,-6.250000e-02,0.000000e+00,
1166,-1.250000e-01,-6.250000e-02,
1167,-6.250000e-02,-1.250000e-01,
1168,-6.250000e-02,-6.250000e-02,
1169,-1.250000e-01,-1.250000e-01,
1170,-1.562500e-01,-6.250000e-02,
1171,-6.250000e-02,-1.250000e-01,
1172,-1.250000e-01,-1.250000e-01,
1173,-6.250000e-02,-6.250000e-02,
1174,-1.250000e-01,-6.250000e-02,
1175,-6.250000e-02,-1.875000e-01,
1176,-1.250000e-01,-1.250000e-01,
1177,-6.250000e-02,-6.250000e-02,
1178,-1.250000e-01,-6.250000e-02,
1179,3.218750e+00,-1.250000e-01,
1180,3.093750e+00,-1.250000e-01,
1181,3.031250e+00,0.000000e+00,
1182,3.031250e+00,-6.250000e-02,
1183,3.093750e+00,-1.250000e-01,
1184,3.093750e+00,-6.250000e-02,
1185,3.031250e+00,-1.250000e-01,
1186,3.031250e+00,-6.250000e-02,
1187,3.093750e+00,-1.875000e-01,
1188,3.093750e+00,-1.250000e-01,
1189,3.031250e+00,0.000000e+00,
1190,3.031250e+00,-1.875000e-01,
1191,3.093750e+00,0.000000e+00,
1192,3.031250e+00,-1.250000e-01,
1193,3.093750e+00,0.000000e+00,
1194,3.031250e+00,-6.250000e-02,
1195,3.093750e+00,-1.875000e-01,
1196,3.031250e+00,-1.250000e-01,
1197,3.093750e+00,0.000000e+00,
1198,3.000000e+00,-6.250000e-02,
1199,3.093750e+00,-1.875000e-01,
1200,3.031250e+00,-6.250000e-02,
1201,3.093750e+00,-1.250000e-01,
1202,3.031250e+00,-1.875000e-01,
1203,3.093750e+00,0.000000e+00,
1204,3.093750e+00,-1.250000e-01,
1205,3.031250e+00,-6.250000e-02,
1206,3.031250e+00,-6.250000e-02,
1207,3.093750e+00,-1.250000e-01,
1208,3.093750e+00,-1.250000e-01,
1209,3.031250e+00,0.000000e+00,
1210,3.031250e+00,-6.250000e-02,
1211,3.093750e+00,-1.250000e-01,
1212,3.093750e+00,-6.250000e-02,
1213,3.031250e+00,-1.250000e-01,
1214,3.031250e+00,-1.875000e-01,
1215,3.093750e+00,0.000000e+00,
1216,3.093750e+00,-1.250000e-01,
1217,3.031250e+00,0.000000e+00,
1218,3.031250e+00,-6.250000e-02,
1219,3.093750e+00,-1.875000e-01,
1220,3.093750e+00,-6.250000e-02,
1221,3.031250e+00,-1.250000e-01,
1222,3.093750e+00,-6.250000e-02,
1223,3.031250e+00,-1.250000e-01,
1224,3.093750e+00,-6.250000e-02,
1225,3.031250e+00,-1.250000e-01,
1226,3.031250e+00,-6.250000e-02,
1227,3.093750e+00,-1.875000e-01,
1228,3.093750e+00,-1.250000e-01,
1229,3.031250e+00,-6.250000e-02,
1230,3.031250e+00,-6.250000e-02,
1231,3.093750e+00,-1.250000e-01,
1232,3.125000e+00,-1.250000e-01,
1233,3.031250e+00,-6.250000e-02,
1234,3.031250e+00,-6.250000e-02,
1235,3.093750e+00,-1.875000e-01,
1236,3.093750e+00,-6.250000e-02,
1237,3.031250e+00,-1.250000e-01,
1238,3.031250e+00,-6.250000e-02,
1239,3.093750e+00,-1.250000e-01,
1240,3.125000e+00,-1.250000e-01,
1241,3.031250e+00,0.000000e+00,
1242,3.093750e+00,-6.250000e-02,
1243,-2.500000e-01,-1.875000e-01,
1244,-1.250000e-01,-1.250000e-01,
1245,-6.250000e-02,0.000000e+00,
1246,-1.562500e-01,-6.250000e-02,
1247,-6.250000e-02,-1.875000e-01,
1248,-6.250000e-02,-1.250000e-01,
1249,-1.250000e-01,0.000000e+00,
1250,-1.562500e-01,-6.250000e-02,
1251,-6.250000e-02,-1.875000e-01,
1252,-1.250000e-01,-1.250000e-01,
1253,-6.250000e-02,0.000000e+00,
1254,-1.562500e-01,-6.250000e-02,
1255,-6.250000e-02,-1.875000e-01,
1256,-6.250000e-02,-1.250000e-01,
1257,-1.250000e-01,0.000000e+00,
1258,-1.250000e-01,-6.250000e-02,
1259,-6.250000e-02,-1.875000e-01,
1260,-6.250000e-02,-6.250000e-02,
1261,-1.250000e-01,-1.250000e-01,
1262,-1.250000e-01,-1.875000e-01,
1263,-6.250000e-02,0.000000e+00,
1264,-6.250000e-02,-1.250000e-01,
1265,-1.250000e-01,0.000000e+00,
1266,-1.250000e-01,-6.250000e-02,
1267,-6.250000e-02,-1.875000e-01,
1268,-6.250000e-02,-1.250000e-01,
1269,-1.250000e-01,0.000000e+00,
1270,-1.250000e-01,-1.875000e-01,
1271,-6.250000e-02,0.000000e+00,
1272,-6.250000e-02,-1.250000e-01,
1273,-1.250000e-01,0.000000e+00,
1274,-1.562500e-01,-6.250000e-02,
1275,-6.250000e-02,-1.875000e-01,
1276,-6.250000e-02,-1.250000e-01,
1277,-1.250000e-01,0.000000e+00,
1278,-1.250000e-01,-6.250000e-02,
1279,-6.250000e-02,-1.875000e-01,
1280,-3.125000e-02,-1.250000e-01,
1281,-1.250000e-01,0.000000e+00,
1282,-1.562500e-01,-6.250000e-02,
1283,-6.250000e-02,-1.875000e-01,
1284,-1.250000e-01,-1.250000e-01,
1285,-6.250000e-02,0.000000e+00,
1286,-9.375000e-02,-6.250000e-02,
1287,-1.250000e-01,-1.875000e-01,
1288,-1.250000e-01,-1.250000e-01,
1289,-6.250000e-02,0.000000e+00,
1290,-1.562500e-01,-6.250000e-02,
1291,-6.250000e-02,-1.875000e-01,
1292,-1.250000e-01,-1.250000e-01,
1293,-6.250000e-02,0.000000e+00,
1294,-1.250000e-01,-6.250000e-02,
1295,-6.250000e-02,-1.875000e-01,
1296,-1.250000e-01,-1.250000e-01,
1297,-3.125000e-02,0.000000e+00,
1298,-1.562500e-01,-6.250000e-02,
1299,-6.250000e-02,-1.875000e-01,
1300,-1.250000e-01,-1.250000e-01,
1301,-3.125000e-02,0.000000e+00,
1302,-1.250000e-01,-6.250000e-02,
1303,-6.250000e-02,-1.875000e-01,
1304,-1.250000e-01,-1.250000e-01,
1305,-6.250000e-02,0.000000e+00,
1306,-1.250000e-01,-1.875000e-01,
1307,3.218750e+00,0.000000e+00,
1308,3.093750e+00,-1.250000e-01,
1309,3.031250e+00,0.000000e+00,
1310,3.093750e+00,-6.250000e-02,
1311,3.031250e+00,-1.875000e-01,
1312,3.093750e+00,-1.250000e-01,
1313,3.031250e+00,0.000000e+00,
1314,3.031250e+00,-6.250000e-02,
1315,3.093750e+00,-1.875000e-01,
1316,3.093750e+00,-1.250000e-01,
1317,3.031250e+00,0.000000e+00,
1318,3.031250e+00,-6.250000e-02,
1319,3.093750e+00,-1.875000e-01,
1320,3.093750e+00,-1.250000e-01,
1321,3.031250e+00,0.000000e+00,
1322,3.093750e+00,-6.250000e-02,
1323,3.031250e+00,-1.875000e-01,
1324,3.093750e+00,-1.250000e-01,
1325,3.031250e+00,0.000000e+00,
1326,3.031250e+00,-6.250000e-02,
1327,3.093750e+00,-1.875000e-01,
1328,3.093750e+00,-1.250000e-01,
1329,3.031250e+00,0.000000e+00,
1330,3.031250e+00,-6.250000e-02,
1331,3.093750e+00,-1.875000e-01,
1332,3.093750e+00,-1.250000e-01,
1333,3.031250e+00,0.000000e+00,
1334,3.031250e+00,-6.250000e-02,
1335,3.093750e+00,-1.875000e-01,
1336,3.093750e+00,-1.250000e-01,
1337,3.031250e+00,0.000000e+00,
1338,3.093750e+00,-6.250000e-02,
1339,3.031250e+00,-1.875000e-01,
1340,3.125000e+00,-1.250000e-01,
1341,2.968750e+00,4.312500e+00,
1342,3.156250e+00,3.125000e+00,
1343,2.968750e+00,-1.125000e+00,
1344,3.093750e+00,-1.250000e-01,
1345,3.031250e+00,0.000000e+00,
1346,3.031250e+00,-6.250000e-02,
1347,3.093750e+00,-1.875000e-01,
1348,3.093750e+00,-1.250000e-01,
1349,3.031250e+00,0.000000e+00,
1350,3.000000e+00,-1.875000e-01,
1351,3.093750e+00,0.000000e+00,
1352,3.093750e+00,-1.250000e-01,
1353,3.031250e+00,0.000000e+00,
1354,3.093750e+00,-1.875000e-01,
1355,3.031250e+00,0.000000e+00,
1356,3.093750e+00,-1.250000e-01,
1357,3.031250e+00,0.000000e+00,
1358,3.093750e+00,-6.250000e-02,
1359,3.031250e+00,-1.875000e-01,
1360,3.125000e+00,-1.250000e-01,
1361,3.031250e+00,0.000000e+00,
1362,3.031250e+00,-6.250000e-02,
1363,3.093750e+00,-1.875000e-01,
1364,3.093750e+00,-1.250000e-01,
1365,3.031250e+00,0.000000e+00,
1366,3.093750e+00,-6.250000e-02,
1367,3.031250e+00,-1.875000e-01,
1368,3.093750e+00,-6.250000e-02,
1369,3.031250e+00,-1.250000e-01,
1370,3.093750e+00,-6.250000e-02,
1371,-2.812500e-01,-1.875000e-01,
1372,-1.250000e-01,-1.250000e-01,
1373,-6.250000e-02,-6.250000e-02,
1374,-1.250000e-01,-6.250000e-02,
1375,-6.250000e-02,-1.875000e-01,
1376,-1.250000e-01,-6.250000e-02,
1377,-6.250000e-02,-1.250000e-01,
1378,-1.250000e-01,-6.250000e-02,
1379,-6.250000e-02,-1.875000e-01,
1380,-3.125000e-02,-1.250000e-01,
1381,-1.250000e-01,0.000000e+00,
1382,-1.250000e-01,-6.250000e-02,
1383,-6.250000e-02,-1.875000e-01,
1384,-6.250000e-02,-1.250000e-01,
1385,-1.250000e-01,0.000000e+00,
1386,-1.562500e-01,-6.250000e-02,
1387,-6.250000e-02,-1.875000e-01,
1388,-6.250000e-02,-1.250000e-01,
1389,-1.250000e-01,0.000000e+00,
1390,-1.250000e-01,-6.250000e-02,
1391,-6.250000e-02,-1.875000e-01,
1392,-3.125000e-02,-1.250000e-01,
1393,-1.250000e-01,0.000000e+00,
1394,-1.250000e-01,-6.250000e-02,
1395,-6.250000e-02,-1.875000e-01,
1396,-6.250000e-02,-1.250000e-01,
1397,-1.250000e-01,0.000000e+00,
1398,-1.562500e-01,-1.875000e-01,
1399,-6.250000e-02,0.000000e+00,
